title,rating,username,description,date,image_urls,asin_number,product_url
"T6, what more could you want?",5.0 out of 5 stars,Claudia Zyskowski,"Sure, you could buy more expensive oils, but it's what's recommended in my truck and it's a good price. I can't complain.","Reviewed in the United States on August 14, 2023",,B07PSVLF6G,https://api.scraperapi.com/?url=https%3A%2F%2Fwww.amazon.com%2Fproduct-reviews%2FB07PSVLF6G%2Fref%3Dcm_cr_arp_d_paging_btm_next_1%3FpageNumber%3D1&api_key=b90c4dcc61e317892bb64c328c931de7&scraper_sdk=python
Good motor oil,5.0 out of 5 stars,Who cares,Very good solid product. I would recommend using it. I use it all the time when Iâ€™m performing flushes and I can say it is as thick as 5w40 supposed to be.,"Reviewed in the United States on August 4, 2023",,B07PSVLF6G,https://api.scraperapi.com/?url=https%3A%2F%2Fwww.amazon.com%2Fproduct-reviews%2FB07PSVLF6G%2Fref%3Dcm_cr_arp_d_paging_btm_next_1%3FpageNumber%3D1&api_key=b90c4dcc61e317892bb64c328c931de7&scraper_sdk=python
The only full synth name brand 15W-40,5.0 out of 5 stars,R. Dunaway,"I'm going to come right out and say I prefer Mobil 1 synth for oil.  However, all Mobil 1 has is the 5w-40 in full synth.  This is the only name brand 15W-40 I can find for my Duramax diesel.  Works well.  No engine issues.  Comes out looking almost as clean as when it went in.","Reviewed in the United States on July 11, 2023",,B07PSVLF6G,https://api.scraperapi.com/?url=https%3A%2F%2Fwww.amazon.com%2Fproduct-reviews%2FB07PSVLF6G%2Fref%3Dcm_cr_arp_d_paging_btm_next_1%3FpageNumber%3D1&api_key=b90c4dcc61e317892bb64c328c931de7&scraper_sdk=python
Diesel Oil - Full Synthetic,5.0 out of 5 stars,Bryce Koslan,Oil for my 2018 F-350 6.7L diesel.,"Reviewed in the United States on August 8, 2023",,B07PSVLF6G,https://api.scraperapi.com/?url=https%3A%2F%2Fwww.amazon.com%2Fproduct-reviews%2FB07PSVLF6G%2Fref%3Dcm_cr_arp_d_paging_btm_next_1%3FpageNumber%3D1&api_key=b90c4dcc61e317892bb64c328c931de7&scraper_sdk=python
use in my susbaru,5.0 out of 5 stars,ROD,cost,"Reviewed in the United States on August 12, 2023",,B07PSVLF6G,https://api.scraperapi.com/?url=https%3A%2F%2Fwww.amazon.com%2Fproduct-reviews%2FB07PSVLF6G%2Fref%3Dcm_cr_arp_d_paging_btm_next_1%3FpageNumber%3D1&api_key=b90c4dcc61e317892bb64c328c931de7&scraper_sdk=python
I ALWAYS use shell Rotella Synthtic oil,5.0 out of 5 stars,stuart,"I use this oil in virtually everything that I own. My diesel tractor but also my cars (15w40 for my gasoline pickup truck with 150,000 miles on the engine and still going!  It even has the right certification for my Polaris ATV with a wet clutch and my KTM racing dirt bike.  I use extended oil changes and it works great on everything.  My lawnmower needs SAE30 only, or it would use this product too!","Reviewed in the United States on June 30, 2023",,B07PSVLF6G,https://api.scraperapi.com/?url=https%3A%2F%2Fwww.amazon.com%2Fproduct-reviews%2FB07PSVLF6G%2Fref%3Dcm_cr_arp_d_paging_btm_next_1%3FpageNumber%3D1&api_key=b90c4dcc61e317892bb64c328c931de7&scraper_sdk=python
15w-40... Not 5w-40,5.0 out of 5 stars,Kyle Edwards,"Great summer oil. Will be switching back to 5w once winter gets here, but really happy that Rotella started finally making a thicker oil in Synthetic!","Reviewed in the United States on July 27, 2023",,B07PSVLF6G,https://api.scraperapi.com/?url=https%3A%2F%2Fwww.amazon.com%2Fproduct-reviews%2FB07PSVLF6G%2Fref%3Dcm_cr_arp_d_paging_btm_next_1%3FpageNumber%3D1&api_key=b90c4dcc61e317892bb64c328c931de7&scraper_sdk=python
Best on the market,5.0 out of 5 stars,Dean,If you need to put oil in your diesel truck this is the stuff.,"Reviewed in the United States on August 1, 2023",,B07PSVLF6G,https://api.scraperapi.com/?url=https%3A%2F%2Fwww.amazon.com%2Fproduct-reviews%2FB07PSVLF6G%2Fref%3Dcm_cr_arp_d_paging_btm_next_1%3FpageNumber%3D1&api_key=b90c4dcc61e317892bb64c328c931de7&scraper_sdk=python
Itâ€™s oil.,5.0 out of 5 stars,Dean Misner,It seems to work.,"Reviewed in the United States on August 5, 2023",,B07PSVLF6G,https://api.scraperapi.com/?url=https%3A%2F%2Fwww.amazon.com%2Fproduct-reviews%2FB07PSVLF6G%2Fref%3Dcm_cr_arp_d_paging_btm_next_1%3FpageNumber%3D1&api_key=b90c4dcc61e317892bb64c328c931de7&scraper_sdk=python
Oil,5.0 out of 5 stars,George Lovely,Itâ€™s oil. It does what it does,"Reviewed in the United States on July 30, 2023",,B07PSVLF6G,https://api.scraperapi.com/?url=https%3A%2F%2Fwww.amazon.com%2Fproduct-reviews%2FB07PSVLF6G%2Fref%3Dcm_cr_arp_d_paging_btm_next_1%3FpageNumber%3D1&api_key=b90c4dcc61e317892bb64c328c931de7&scraper_sdk=python
Counterfeit?,1.0 out of 5 stars,Rob,Word of advice.  And take this with a grain of salt.  99% of all T6 I buy have a foil seal under the cap.  This was the first time I received it without this and after research I've found that there are shady people who refill these containers with cheap stuff.  It poured out like 5w30.  It emptied out a container much faster than normal.  Looked like 5w 30.,"Reviewed in the United States on October 1, 2019",,B07PSVLF6G,https://api.scraperapi.com/?url=https%3A%2F%2Fwww.amazon.com%2Fproduct-reviews%2FB07PSVLF6G%2Fref%3Dcm_cr_arp_d_paging_btm_next_2%3FpageNumber%3D2%26filterByStar%3Done_star&api_key=b90c4dcc61e317892bb64c328c931de7&scraper_sdk=python
only received 2 out of 3,1.0 out of 5 stars,Shelli Potts,I only received 2 out of 3 gallons.  This is not cheap.  I emailed about the discrepancy when I received my order but have heard nothing,"Reviewed in the United States on November 1, 2022",,B07PSVLF6G,https://api.scraperapi.com/?url=https%3A%2F%2Fwww.amazon.com%2Fproduct-reviews%2FB07PSVLF6G%2Fref%3Dcm_cr_arp_d_paging_btm_next_2%3FpageNumber%3D2%26filterByStar%3Done_star&api_key=b90c4dcc61e317892bb64c328c931de7&scraper_sdk=python
Holes in containers leaked everywhere,1.0 out of 5 stars,Joe,Arrived with holes in oil containers and leaked oil all over my house,"Reviewed in the United States on February 25, 2023",,B07PSVLF6G,https://api.scraperapi.com/?url=https%3A%2F%2Fwww.amazon.com%2Fproduct-reviews%2FB07PSVLF6G%2Fref%3Dcm_cr_arp_d_paging_btm_next_2%3FpageNumber%3D2%26filterByStar%3Done_star&api_key=b90c4dcc61e317892bb64c328c931de7&scraper_sdk=python
Oil,1.0 out of 5 stars,Larry schroeder,Oil leaking,"Reviewed in the United States on April 12, 2023",,B07PSVLF6G,https://api.scraperapi.com/?url=https%3A%2F%2Fwww.amazon.com%2Fproduct-reviews%2FB07PSVLF6G%2Fref%3Dcm_cr_arp_d_paging_btm_next_2%3FpageNumber%3D2%26filterByStar%3Done_star&api_key=b90c4dcc61e317892bb64c328c931de7&scraper_sdk=python
Amazon replacement policy BAD,1.0 out of 5 stars,Greg ,"Great product if you can get it!
Amazon lost more than half of the order and cannot replace it! In my business, if I screw something up, I fix it at any cost.  Apparently, that is not the policy at Amazon.","Reviewed in the United States on March 11, 2022",,B07PSVLF6G,https://api.scraperapi.com/?url=https%3A%2F%2Fwww.amazon.com%2Fproduct-reviews%2FB07PSVLF6G%2Fref%3Dcm_cr_arp_d_paging_btm_next_2%3FpageNumber%3D2%26filterByStar%3Done_star&api_key=b90c4dcc61e317892bb64c328c931de7&scraper_sdk=python
Double the price,1.0 out of 5 stars,bhvinva,Was not paying close enough attention to purchase. About an hour after I made the purchase I realized I was paying double the price. Tried to cancel the purchase for 2 days but could not. Returned immediately upon delivery.,"Reviewed in the United States on March 4, 2022",,B07PSVLF6G,https://api.scraperapi.com/?url=https%3A%2F%2Fwww.amazon.com%2Fproduct-reviews%2FB07PSVLF6G%2Fref%3Dcm_cr_arp_d_paging_btm_next_2%3FpageNumber%3D2%26filterByStar%3Done_star&api_key=b90c4dcc61e317892bb64c328c931de7&scraper_sdk=python
False hopes and leaky jugs,1.0 out of 5 stars,Matt,"Ok oil for 6.0 powerstroke, it does last the recommended 5,000 miles between oil changes, got the three pack case because of price and mail in rebate. BEWARE! The rebate doesnâ€™t work on cases and these didnâ€™t have the my miles code under the caps either. They all arrived in good shape (only one was leaking a little) Iâ€™ll probably choose a different oil from somewhere else from now on.","Reviewed in the United States on May 29, 2019",,B07PSVLF6G,https://api.scraperapi.com/?url=https%3A%2F%2Fwww.amazon.com%2Fproduct-reviews%2FB07PSVLF6G%2Fref%3Dcm_cr_arp_d_paging_btm_next_2%3FpageNumber%3D2%26filterByStar%3Done_star&api_key=b90c4dcc61e317892bb64c328c931de7&scraper_sdk=python
Not as expected,1.0 out of 5 stars,Dr. Travis A. Perkins,Not as expected,"Reviewed in the United States on January 27, 2023",,B07PSVLF6G,https://api.scraperapi.com/?url=https%3A%2F%2Fwww.amazon.com%2Fproduct-reviews%2FB07PSVLF6G%2Fref%3Dcm_cr_arp_d_paging_btm_next_2%3FpageNumber%3D2%26filterByStar%3Done_star&api_key=b90c4dcc61e317892bb64c328c931de7&scraper_sdk=python
Not full gallon.,1.0 out of 5 stars,Amazon Customer,Purchased 3 one gallon t6.  Not one was full. One gallon was 1qt short.,"Reviewed in the United States on October 4, 2022",,B07PSVLF6G,https://api.scraperapi.com/?url=https%3A%2F%2Fwww.amazon.com%2Fproduct-reviews%2FB07PSVLF6G%2Fref%3Dcm_cr_arp_d_paging_btm_next_2%3FpageNumber%3D2%26filterByStar%3Done_star&api_key=b90c4dcc61e317892bb64c328c931de7&scraper_sdk=python
"Difficult, misleading rebate",1.0 out of 5 stars,Stv,"Misleading and extremely difficult rebate process. After going through much trouble finding and submitting the information needed for the rebate, we found that when purchased through Amazon, you are only eligible for one rebate on one gallon (7$) when we were expecting the 35$ rebate.","Reviewed in the United States on July 12, 2021",,B07PSVLF6G,https://api.scraperapi.com/?url=https%3A%2F%2Fwww.amazon.com%2Fproduct-reviews%2FB07PSVLF6G%2Fref%3Dcm_cr_arp_d_paging_btm_next_2%3FpageNumber%3D2%26filterByStar%3Done_star&api_key=b90c4dcc61e317892bb64c328c931de7&scraper_sdk=python
Good Price,5.0 out of 5 stars,Glenn B,"I bought 3 gallons, delivered quickly without any issues, decent price.","Reviewed in the United States on January 29, 2023",,B07PSVLF6G,https://api.scraperapi.com/?url=https%3A%2F%2Fwww.amazon.com%2Fproduct-reviews%2FB07PSVLF6G%2Fref%3Dcm_cr_arp_d_paging_btm_next_10%3FpageNumber%3D10%26filterByStar%3Dfive_star&api_key=b90c4dcc61e317892bb64c328c931de7&scraper_sdk=python
Awesome oil for the money,5.0 out of 5 stars,Amazon Customer,"I use it in my 2004 sport trac plow truck with 350,000 miles. I been running this for years. Price very well, I also use motorcraft filters","Reviewed in the United States on December 28, 2022",,B07PSVLF6G,https://api.scraperapi.com/?url=https%3A%2F%2Fwww.amazon.com%2Fproduct-reviews%2FB07PSVLF6G%2Fref%3Dcm_cr_arp_d_paging_btm_next_10%3FpageNumber%3D10%26filterByStar%3Dfive_star&api_key=b90c4dcc61e317892bb64c328c931de7&scraper_sdk=python
2001 Ford F-250 7.3L 4 door 4x4.,5.0 out of 5 stars,Jim,"Been using this oil for about 5 years now in my truck.  I still change my oil every 3k so I'm really not putting this stuff to the test all that much but I've been happy with it.  I used to run the motorcraft 15w40 and after I switch to this I really didn't see too much of a change.  Starts up a little faster in the winter maybe but my truck has never had issues with colds starts either way.  I'm running a GTP38R turbo with some DP-tunes and a host of other small mods.  Still have stock fuel injectors for now, though so nothing is turned up too high.  I've read where some folks swear that this oil causes leaks but I never have had any issues with that at all.  I know sometimes a thinner synthetic will make leaks a little more noticable but that's not the oils fault.  All and all I like it and will keep using it.  A higher quality oil might be better if you're really trying to push those oil changes to 15k+ but I'd rather just run keep me oil fresh and clean.  Also, I've tried must overy oil filter out there and have settled on the Wix-XP.  seems to work good with this oil.
Keep them 7.3L's healthy!","Reviewed in the United States on August 4, 2019",,B07PSVLF6G,https://api.scraperapi.com/?url=https%3A%2F%2Fwww.amazon.com%2Fproduct-reviews%2FB07PSVLF6G%2Fref%3Dcm_cr_arp_d_paging_btm_next_10%3FpageNumber%3D10%26filterByStar%3Dfive_star&api_key=b90c4dcc61e317892bb64c328c931de7&scraper_sdk=python
Great stuff,5.0 out of 5 stars,Jacob,"I have a 2014 yz450f dirtbike that I have been using this oil in for 5 hours, give or take. Blown head gasket had coolant getting into my oil for all of those hours before fixing it, changing oil every time I parked my bike, milky white color every time, but no noticeable damage or rust and it held up great. Nothing bad to say about it. Cheaper than the recommended Yamalube for my bike so I am getting into the habit of changing oil after every ride or 3-5 hours. It has the Jaso certification and can be used for wet-clutch applications (doesnâ€™t have anti-friction additives), so it is great for my bike. I wonâ€™t say itâ€™s better than Yamalube, but at the right weight, it will do just as good as other oils in terms of lubrication and such, but may get worn out faster in the transmission, as the transmission shares oil with the clutch & crankcase, so I change it very often so the cheaper price is perfect.","Reviewed in the United States on December 20, 2020",,B07PSVLF6G,https://api.scraperapi.com/?url=https%3A%2F%2Fwww.amazon.com%2Fproduct-reviews%2FB07PSVLF6G%2Fref%3Dcm_cr_arp_d_paging_btm_next_10%3FpageNumber%3D10%26filterByStar%3Dfive_star&api_key=b90c4dcc61e317892bb64c328c931de7&scraper_sdk=python
Worth the long wait,5.0 out of 5 stars,John T,I had to wait several months for shipping but I got it at the normal per gallon rate rather than the $50 plus the locals are charging.  This is all I use in my 6.0 plus Archoil.,"Reviewed in the United States on November 27, 2022",,B07PSVLF6G,https://api.scraperapi.com/?url=https%3A%2F%2Fwww.amazon.com%2Fproduct-reviews%2FB07PSVLF6G%2Fref%3Dcm_cr_arp_d_paging_btm_next_10%3FpageNumber%3D10%26filterByStar%3Dfive_star&api_key=b90c4dcc61e317892bb64c328c931de7&scraper_sdk=python
Has Worked Great for my Honda GoldWings!,5.0 out of 5 stars,Michael Green,"I've used T6 for years and a couple hundred thousand miles and a few different GoldWings.
This product includes an additive package that doesn't interfere with wet clutch operation and even close to the factory recommended 8K change limit, shifting is still silky smooth. No other oil I've used performs like that. Highly recommend!","Reviewed in the United States on October 13, 2022",,B07PSVLF6G,https://api.scraperapi.com/?url=https%3A%2F%2Fwww.amazon.com%2Fproduct-reviews%2FB07PSVLF6G%2Fref%3Dcm_cr_arp_d_paging_btm_next_10%3FpageNumber%3D10%26filterByStar%3Dfive_star&api_key=b90c4dcc61e317892bb64c328c931de7&scraper_sdk=python
T6-diesel oil,5.0 out of 5 stars,Dan Brotzman,Arrived in perfect condition. Great full synthetic oil,"Reviewed in the United States on January 13, 2023",,B07PSVLF6G,https://api.scraperapi.com/?url=https%3A%2F%2Fwww.amazon.com%2Fproduct-reviews%2FB07PSVLF6G%2Fref%3Dcm_cr_arp_d_paging_btm_next_10%3FpageNumber%3D10%26filterByStar%3Dfive_star&api_key=b90c4dcc61e317892bb64c328c931de7&scraper_sdk=python
Works Well,5.0 out of 5 stars,Sarge,Works Well,"Reviewed in the United States on February 2, 2023",,B07PSVLF6G,https://api.scraperapi.com/?url=https%3A%2F%2Fwww.amazon.com%2Fproduct-reviews%2FB07PSVLF6G%2Fref%3Dcm_cr_arp_d_paging_btm_next_10%3FpageNumber%3D10%26filterByStar%3Dfive_star&api_key=b90c4dcc61e317892bb64c328c931de7&scraper_sdk=python
High quality for my truck engine I,5.0 out of 5 stars,Amazon Customer,"I've been using Rotella T6 in my truck for years.
My truck engine runs clean with the least amount of wear. And a decent price point.","Reviewed in the United States on December 1, 2022",,B07PSVLF6G,https://api.scraperapi.com/?url=https%3A%2F%2Fwww.amazon.com%2Fproduct-reviews%2FB07PSVLF6G%2Fref%3Dcm_cr_arp_d_paging_btm_next_10%3FpageNumber%3D10%26filterByStar%3Dfive_star&api_key=b90c4dcc61e317892bb64c328c931de7&scraper_sdk=python
If you own a deisel!,5.0 out of 5 stars,Just1click,"If you own a diesel this is the only oil you should be using! Running a diesel for over 50 years I know that Rotella is the first choice for all diesel applications.
Recommend by all diesel manufacturers.","Reviewed in the United States on November 1, 2022",,B07PSVLF6G,https://api.scraperapi.com/?url=https%3A%2F%2Fwww.amazon.com%2Fproduct-reviews%2FB07PSVLF6G%2Fref%3Dcm_cr_arp_d_paging_btm_next_10%3FpageNumber%3D10%26filterByStar%3Dfive_star&api_key=b90c4dcc61e317892bb64c328c931de7&scraper_sdk=python
What's the best oil?,5.0 out of 5 stars,Amazon Customer,"Ask 10 people, you'll get 10 answers.
This is all I use on my Goldwing.
Smooths shifting.","Reviewed in the United States on February 18, 2023",,B07PSVLF6G,https://api.scraperapi.com/?url=https%3A%2F%2Fwww.amazon.com%2Fproduct-reviews%2FB07PSVLF6G%2Fref%3Dcm_cr_arp_d_paging_btm_next_9%3FpageNumber%3D9%26filterByStar%3Dfive_star&api_key=b90c4dcc61e317892bb64c328c931de7&scraper_sdk=python
Motorcycles Love this Oil~!,5.0 out of 5 stars,Farrok,"This oil is great.  I use in my Honda 250L and it works fine.
1. It's less expensive than other top motorcycle oils. You can change the oil every 1.200 miles and not go bankrupt.
2. It meets the Motorcycle oil standards and for wet plate clutch use.
3. You can find it when you need it; sometimes you can't find strictly Motorcycle Oils when traveling in remote areas of the country.
4. Do to its reasonable cost you will change the oil on schedule. No more just a few hundred miles on the oil more to save money.
5. The engine starts easy when it's cold.
6. The engine runs very smooth at highway speeds and with less vibration (I don't know why) It just does.
7. You can buy a 3 gallon carton from Amazon for $70 dollars when the same amount of top motorcycle oil would cost you $120+ dollars.
8. It's fully synthetic oil. Why buy mineral oil when you can buy this for almost the same cost?
9. It a bargain.
10. Many Motorcyclists swear by this oil.
11. Motorcycle transmissions are much smoother with this oil. No more ""Clunks"" when shifting.
Negatives:
1. The engine will not rap up quite as fast with this oil, but a much smoother wrap up.
2. The overall performance is just slightly under the finest Motorcycle oils which cost $60 dollars a gallon.
3. If you are a racer buy the expensive motorcycle oil. If you are a ordinary rider this oil is perfect, inexpensive and available.
4. The best motorcycle oil is worthless if you can't get it.
Note: This Oil is unusual do to the following: ""This Oil has the consistency of Sirup but flows like Mercury.""","Reviewed in the United States on December 12, 2017",,B07PSVLF6G,https://api.scraperapi.com/?url=https%3A%2F%2Fwww.amazon.com%2Fproduct-reviews%2FB07PSVLF6G%2Fref%3Dcm_cr_arp_d_paging_btm_next_9%3FpageNumber%3D9%26filterByStar%3Dfive_star&api_key=b90c4dcc61e317892bb64c328c931de7&scraper_sdk=python
Perfect,5.0 out of 5 stars,Rebecca,Perfect,"Reviewed in the United States on March 14, 2023",,B07PSVLF6G,https://api.scraperapi.com/?url=https%3A%2F%2Fwww.amazon.com%2Fproduct-reviews%2FB07PSVLF6G%2Fref%3Dcm_cr_arp_d_paging_btm_next_9%3FpageNumber%3D9%26filterByStar%3Dfive_star&api_key=b90c4dcc61e317892bb64c328c931de7&scraper_sdk=python
High quality synthetic oil,5.0 out of 5 stars,Will,"Excellent oil, shipping was prompt, and the price per gallon beats my local stores. Only oil I use in my diesel powered rigs.","Reviewed in the United States on January 23, 2023",,B07PSVLF6G,https://api.scraperapi.com/?url=https%3A%2F%2Fwww.amazon.com%2Fproduct-reviews%2FB07PSVLF6G%2Fref%3Dcm_cr_arp_d_paging_btm_next_9%3FpageNumber%3D9%26filterByStar%3Dfive_star&api_key=b90c4dcc61e317892bb64c328c931de7&scraper_sdk=python
Retella fan,5.0 out of 5 stars,angela Jensen,I have used Rotella for years. I use this oil in my power stroke 6.7 and it factory recommended grade oil.,"Reviewed in the United States on January 20, 2023",,B07PSVLF6G,https://api.scraperapi.com/?url=https%3A%2F%2Fwww.amazon.com%2Fproduct-reviews%2FB07PSVLF6G%2Fref%3Dcm_cr_arp_d_paging_btm_next_9%3FpageNumber%3D9%26filterByStar%3Dfive_star&api_key=b90c4dcc61e317892bb64c328c931de7&scraper_sdk=python
Best diesel oil,5.0 out of 5 stars,robert McVicker,Best value in class,"Reviewed in the United States on February 24, 2023",,B07PSVLF6G,https://api.scraperapi.com/?url=https%3A%2F%2Fwww.amazon.com%2Fproduct-reviews%2FB07PSVLF6G%2Fref%3Dcm_cr_arp_d_paging_btm_next_9%3FpageNumber%3D9%26filterByStar%3Dfive_star&api_key=b90c4dcc61e317892bb64c328c931de7&scraper_sdk=python
Great oil,5.0 out of 5 stars,Bart,Always use this for my cummins,"Reviewed in the United States on February 18, 2023",,B07PSVLF6G,https://api.scraperapi.com/?url=https%3A%2F%2Fwww.amazon.com%2Fproduct-reviews%2FB07PSVLF6G%2Fref%3Dcm_cr_arp_d_paging_btm_next_9%3FpageNumber%3D9%26filterByStar%3Dfive_star&api_key=b90c4dcc61e317892bb64c328c931de7&scraper_sdk=python
Full service,5.0 out of 5 stars,Steve,"I've trusted Rotella for all my vehicles, I used to use this in my Chevy Duramax but have since sold that truck. I now use the 5W-40 full synthetic in my 2014 Kawasaki Teryx  and have for the last 5 years. I've done a whole lot of research on oils for this ""toy"" and never seem to get a consistent answer. It has the proper ratings but some say it shouldn't be used. I've never had a problem with using it. My side-by-side is primarily used on the street as my daily driver to and from work and when I had a 10,000 mile check at the dealership they mentioned that my clutches and belt was in great shape.
It is a little more expensive than I remember it being but back when I had a diesel truck I just added the extra gallon into the price of its oil change and with the cost of filters and everything else it didn't phase me. Now that I buy it exclusively for the side-by-side I realize how much it costs. However, if you compare this to the cost of an oil change with bottles labeled Kawasaki this is cheap!
I use the Rotella gas truck oil (sold in red bottles) in my cars and SUV's with no issues.","Reviewed in the United States on June 28, 2019",,B07PSVLF6G,https://api.scraperapi.com/?url=https%3A%2F%2Fwww.amazon.com%2Fproduct-reviews%2FB07PSVLF6G%2Fref%3Dcm_cr_arp_d_paging_btm_next_9%3FpageNumber%3D9%26filterByStar%3Dfive_star&api_key=b90c4dcc61e317892bb64c328c931de7&scraper_sdk=python
Better price than in store,5.0 out of 5 stars,BigMo,Not a lot to compare it to. Seams to work well in our 2017 Ram EcoDiesel.  Price here is better than in stores.,"Reviewed in the United States on December 31, 2022",,B07PSVLF6G,https://api.scraperapi.com/?url=https%3A%2F%2Fwww.amazon.com%2Fproduct-reviews%2FB07PSVLF6G%2Fref%3Dcm_cr_arp_d_paging_btm_next_9%3FpageNumber%3D9%26filterByStar%3Dfive_star&api_key=b90c4dcc61e317892bb64c328c931de7&scraper_sdk=python
Bought this for my tractor and rtv,5.0 out of 5 stars,J H,This is the best rated oil according to what Iâ€™ve read and been told. Used on my farm equipment.,"Reviewed in the United States on January 13, 2023",,B07PSVLF6G,https://api.scraperapi.com/?url=https%3A%2F%2Fwww.amazon.com%2Fproduct-reviews%2FB07PSVLF6G%2Fref%3Dcm_cr_arp_d_paging_btm_next_9%3FpageNumber%3D9%26filterByStar%3Dfive_star&api_key=b90c4dcc61e317892bb64c328c931de7&scraper_sdk=python
Great oil for Ford 6.0 Diesel engine.,5.0 out of 5 stars,Roger Thompson,"Only issue was how Amazon shipped 4 one gallon containers. They were in a rather thin rectangular box laying on their sides, rather than standing upright the normal way to ship gallon containers. Iâ€™m very glad that did not leak.","Reviewed in the United States on February 3, 2023",,B07PSVLF6G,https://api.scraperapi.com/?url=https%3A%2F%2Fwww.amazon.com%2Fproduct-reviews%2FB07PSVLF6G%2Fref%3Dcm_cr_arp_d_paging_btm_next_8%3FpageNumber%3D8%26filterByStar%3Dfive_star&api_key=b90c4dcc61e317892bb64c328c931de7&scraper_sdk=python
Great lubricant,5.0 out of 5 stars,Charles B.,I have used Shell Rotella T 6 for years in all my motorcycles.  It is durable and long lasting.  I use it in my Honda Goldwing with the dct transmission and the automatic transmission shifts flawlessly.,"Reviewed in the United States on February 14, 2023",,B07PSVLF6G,https://api.scraperapi.com/?url=https%3A%2F%2Fwww.amazon.com%2Fproduct-reviews%2FB07PSVLF6G%2Fref%3Dcm_cr_arp_d_paging_btm_next_8%3FpageNumber%3D8%26filterByStar%3Dfive_star&api_key=b90c4dcc61e317892bb64c328c931de7&scraper_sdk=python
Very affordable,5.0 out of 5 stars,Gerald Gossett,Way cheaper to do it yourself. Came very well packaged,"Reviewed in the United States on March 25, 2023",,B07PSVLF6G,https://api.scraperapi.com/?url=https%3A%2F%2Fwww.amazon.com%2Fproduct-reviews%2FB07PSVLF6G%2Fref%3Dcm_cr_arp_d_paging_btm_next_8%3FpageNumber%3D8%26filterByStar%3Dfive_star&api_key=b90c4dcc61e317892bb64c328c931de7&scraper_sdk=python
Changed all my small equipment to this oil,5.0 out of 5 stars,AB,I put this in everything now from street bike to lawn mower. Most small equipment specs SAE30. Even with a 15W rating it is still better cold flow and I figure the 40 is better for the summer. I find less metal flake per oil change in things like a portable generator and pressure washer when running this oil. Just make sure you allow for warm up time on a air cooled motor when running heavier oil.,"Reviewed in the United States on November 30, 2022",,B07PSVLF6G,https://api.scraperapi.com/?url=https%3A%2F%2Fwww.amazon.com%2Fproduct-reviews%2FB07PSVLF6G%2Fref%3Dcm_cr_arp_d_paging_btm_next_8%3FpageNumber%3D8%26filterByStar%3Dfive_star&api_key=b90c4dcc61e317892bb64c328c931de7&scraper_sdk=python
Liquid gold,5.0 out of 5 stars,Cody l,The oil I use in my Polaris rzr1000xp. Fair price and better quality when compared to Polaris oil. I did pour into a new coolaid pitcher before using because the oil return review on here had me buggin. My oil was normal. Smelled like whisky though. Cheers ðŸ»,"Reviewed in the United States on January 10, 2023",,B07PSVLF6G,https://api.scraperapi.com/?url=https%3A%2F%2Fwww.amazon.com%2Fproduct-reviews%2FB07PSVLF6G%2Fref%3Dcm_cr_arp_d_paging_btm_next_8%3FpageNumber%3D8%26filterByStar%3Dfive_star&api_key=b90c4dcc61e317892bb64c328c931de7&scraper_sdk=python
Family and work.,5.0 out of 5 stars,Jeremy Fredrickson ,I use the product for my truck it's with the factory says I need to put in it. It was kind of like the toilet paper thing shell mentioned they're going to have troubles producing T6 and t5 Rotel synthetic people just go and buy as much as they can and then charge astronomical prices for it. But when you need something to keep your vehicle running to go to work to provide for your family you do what you have to do. With this being an issue I went to the local store to get T6 it used to be 25 dollar's. I managed to get one gallon left the store and the guy asked me he would give me $75 for my 1 gallon of oil the United States is falling apart and we as Americans need to stop it.,"Reviewed in the United States on May 24, 2022",,B07PSVLF6G,https://api.scraperapi.com/?url=https%3A%2F%2Fwww.amazon.com%2Fproduct-reviews%2FB07PSVLF6G%2Fref%3Dcm_cr_arp_d_paging_btm_next_8%3FpageNumber%3D8%26filterByStar%3Dfive_star&api_key=b90c4dcc61e317892bb64c328c931de7&scraper_sdk=python
Great oil for almost anything from diesels to dirt bikes.,5.0 out of 5 stars,Ken K,"My go to oil for Bobcats and pickups and cars, snowmobiles, motorcycles and dirt bikes. If itâ€™s a 4 stroke this is a good oil for it.","Reviewed in the United States on February 4, 2023",,B07PSVLF6G,https://api.scraperapi.com/?url=https%3A%2F%2Fwww.amazon.com%2Fproduct-reviews%2FB07PSVLF6G%2Fref%3Dcm_cr_arp_d_paging_btm_next_8%3FpageNumber%3D8%26filterByStar%3Dfive_star&api_key=b90c4dcc61e317892bb64c328c931de7&scraper_sdk=python
Ram towing,5.0 out of 5 stars,Bull Rider,I tow 12k pound toy hauler with my Ram 2500 turbo.  Decided to move to Rotella and it's made a difference.  Engine sounds and runs smoother.  I change the oil every 5k miles.  Runs cooler.,"Reviewed in the United States on January 19, 2023",,B07PSVLF6G,https://api.scraperapi.com/?url=https%3A%2F%2Fwww.amazon.com%2Fproduct-reviews%2FB07PSVLF6G%2Fref%3Dcm_cr_arp_d_paging_btm_next_8%3FpageNumber%3D8%26filterByStar%3Dfive_star&api_key=b90c4dcc61e317892bb64c328c931de7&scraper_sdk=python
Rotella T6 Synthetic Diesel Oil,5.0 out of 5 stars,Gary R.,"Itâ€™s been around for a long time.  Name brand, quality diesel oil.  Whatâ€™s not to like.","Reviewed in the United States on February 21, 2023",,B07PSVLF6G,https://api.scraperapi.com/?url=https%3A%2F%2Fwww.amazon.com%2Fproduct-reviews%2FB07PSVLF6G%2Fref%3Dcm_cr_arp_d_paging_btm_next_8%3FpageNumber%3D8%26filterByStar%3Dfive_star&api_key=b90c4dcc61e317892bb64c328c931de7&scraper_sdk=python
MY Discovery 2 Likes it.,5.0 out of 5 stars,1972Bigdaddy,I've run alot of oils recommended beyond the factory RAVE manual. And this formula has proven to be the top performer at this weight. NEW England mixed weather. I change oil for summer and winter.  No leaks yeah tell me about it. 128k still going strong.,"Reviewed in the United States on December 8, 2022",,B07PSVLF6G,https://api.scraperapi.com/?url=https%3A%2F%2Fwww.amazon.com%2Fproduct-reviews%2FB07PSVLF6G%2Fref%3Dcm_cr_arp_d_paging_btm_next_8%3FpageNumber%3D8%26filterByStar%3Dfive_star&api_key=b90c4dcc61e317892bb64c328c931de7&scraper_sdk=python
5 estrella ðŸŒŸðŸŒŸðŸŒŸðŸŒŸðŸŒŸ,5.0 out of 5 stars,Amazon Customer,"Es lo mejor ,con uno solo resolvÃ­ lo recomiendo a todos lo que tienen Duramax turbo diesel ðŸ‘ðŸ‘ðŸ‘","Reviewed in the United States on April 13, 2023",,B07PSVLF6G,https://api.scraperapi.com/?url=https%3A%2F%2Fwww.amazon.com%2Fproduct-reviews%2FB07PSVLF6G%2Fref%3Dcm_cr_arp_d_paging_btm_next_7%3FpageNumber%3D7%26filterByStar%3Dfive_star&api_key=b90c4dcc61e317892bb64c328c931de7&scraper_sdk=python
It synthetic,5.0 out of 5 stars,ALS,Excellent diesel motor oil,"Reviewed in the United States on April 26, 2023",,B07PSVLF6G,https://api.scraperapi.com/?url=https%3A%2F%2Fwww.amazon.com%2Fproduct-reviews%2FB07PSVLF6G%2Fref%3Dcm_cr_arp_d_paging_btm_next_7%3FpageNumber%3D7%26filterByStar%3Dfive_star&api_key=b90c4dcc61e317892bb64c328c931de7&scraper_sdk=python
Buy 100%,5.0 out of 5 stars,The Reviewer,"Get bang for you buck !!
3 gallons for $70
100% worth the money
Used on 2015 6.7 Cummins","Reviewed in the United States on April 8, 2023",,B07PSVLF6G,https://api.scraperapi.com/?url=https%3A%2F%2Fwww.amazon.com%2Fproduct-reviews%2FB07PSVLF6G%2Fref%3Dcm_cr_arp_d_paging_btm_next_7%3FpageNumber%3D7%26filterByStar%3Dfive_star&api_key=b90c4dcc61e317892bb64c328c931de7&scraper_sdk=python
"Outrageous value, read for motorcycles, specs below",5.0 out of 5 stars,S. B.,"Works superbly in my 2003 Suzuki SV650. Highly recommended. I can't believe how smooth my bike now clicks into gear, revs out, and up/down shifts vs. other oils.
Just to repeat what a lot of people know (and DON'T know) about this oil; its actually JASO DH-2 & MA/MA2 approved and has the stamp on the bottle to indicate itâ€™s for motorcycle use. That means itâ€™s safe for dry and wet clutch applications.
Here's the current properties per Shell at the date of my original post for nerds like me:
>ROTELLA T6 5W-40
Kinematic Viscosity @ 40C mm2/s ASTM D445 90
Kinematic Viscosity @ 100C mm2/s ASTM D445 14.9
Dynamic Viscosity  @ -30C mPa s ASTM D5293 6300
Total Base Number (TBN)  [ mg KOH/g ASTM D2896] 10.2
Sulfated Ash %  ASTM D874 1.0
Density @150C kg/l  ASTM D4052 0.846
Flash Point (COC) 0C ASTM D92 233
Pour Point 0C ASTM D97 -51
...And if you dig around T6 5w-40 is Volvo VDS-4 certified. So while Shell does not officially publish this, it must have a HTHS viscosity (Greater than) >3.9cP to meet this spec.
â€”â€” 1 Year update â€”â€”-
One year and (2) T6 changes later; the bike has never run as well or shifted as smooth. All winter and into the spring/summer (very mild a swing of only 40F to 80F ambient) my bike is never reluctant to upshift or downshift as it should, even cold. After 3k miles of brisk commuting everything felt great just before changing out the oil. T6 is proving to be unbeatable moto oil, and for so cheap!","Reviewed in the United States on August 29, 2020",,B07PSVLF6G,https://api.scraperapi.com/?url=https%3A%2F%2Fwww.amazon.com%2Fproduct-reviews%2FB07PSVLF6G%2Fref%3Dcm_cr_arp_d_paging_btm_next_7%3FpageNumber%3D7%26filterByStar%3Dfive_star&api_key=b90c4dcc61e317892bb64c328c931de7&scraper_sdk=python
?????,5.0 out of 5 stars,Doug Lafrenz,Great stuff the only thing Iâ€™ll use for my Cummins I burn less DEF with this stuff,"Reviewed in the United States on March 31, 2023",,B07PSVLF6G,https://api.scraperapi.com/?url=https%3A%2F%2Fwww.amazon.com%2Fproduct-reviews%2FB07PSVLF6G%2Fref%3Dcm_cr_arp_d_paging_btm_next_7%3FpageNumber%3D7%26filterByStar%3Dfive_star&api_key=b90c4dcc61e317892bb64c328c931de7&scraper_sdk=python
Good value,5.0 out of 5 stars,Travis,"Cheaper than I could find it locally. My only comaint is one of the jugs had been hit near the cap and was leaking a little when it arrived. Not much oil was lost, and no fault of the manufacturer.","Reviewed in the United States on February 21, 2023",,B07PSVLF6G,https://api.scraperapi.com/?url=https%3A%2F%2Fwww.amazon.com%2Fproduct-reviews%2FB07PSVLF6G%2Fref%3Dcm_cr_arp_d_paging_btm_next_7%3FpageNumber%3D7%26filterByStar%3Dfive_star&api_key=b90c4dcc61e317892bb64c328c931de7&scraper_sdk=python
Excelente,5.0 out of 5 stars,orson lopez,Excelente,"Reviewed in the United States on April 25, 2023",,B07PSVLF6G,https://api.scraperapi.com/?url=https%3A%2F%2Fwww.amazon.com%2Fproduct-reviews%2FB07PSVLF6G%2Fref%3Dcm_cr_arp_d_paging_btm_next_7%3FpageNumber%3D7%26filterByStar%3Dfive_star&api_key=b90c4dcc61e317892bb64c328c931de7&scraper_sdk=python
"Calling all Saab, Subaru, and other high turbo/rugged cars!",5.0 out of 5 stars,Amazonian,"This is the BEST oil you can get stateside for Saabs, Subarus, along with other forced induction cars.  Its marketed as a ""HEAVY DUTY DIESEL OIL"" but... dont be alarmed folks, this merely applies to the ADDITIVE PACKAGES that are added into this motor oil. Diesel engines generally require much higher lubricity and wear protection vs standard gasoline engines (glow plugs, carbon soot, etc) BUT this oil works wonders on our turbocharged cars.
Dont be worried about the 5W-40 oil grade designation as the oil behaves more like a ""0-weight"" oil (such as the factory specs of my Saab and other newer turbocharged cars calling for Mobil 1 0W-30 or 0W-40). I believe the call for Mobil 1 0W-30/40 oils are pure AUTOMOTIVE POLITICS due to GM destroying Saab and leaving loyal enthusiasts with a sad turn of events since the recession. Long story short, u wont find other 5W-40 oils stateside as its uncommon but has a broader range of applications across a WIDE VARIETY OF CONDITIONS (extreme cold, heat, etc).
I have a Stg 3 Saab 9-3 2.0T Aero and only use this oil for my oil changes. Normally I'm the type to follow the owners manual to the point but on the forum known as Bob is the oil guy aka  ""BITOG"" (only source of diehard motor oil enthusiasts who actually perform tests between various oils and even offer oil analysis results (such as from Blackstone Labs), Shell Rotella T6, Techron, and MMO all receive high remarks and ratings. Surely these brands are doing something right if results can be tested for the truth.
Conclusion: if you wanna prolong your special turbocharged cars and minimize future engine problems: A bottle of Shell Rotella in your crankcase with a bottle of Techron Fuel System cleaner will keep that pesky overcharging mechanic away! Oh and if you're making more power with smoother engine operation then it merely shows your engine is HAPPY. Try out Shell Rotell folks. Only other oils I'd recommend is German Castrol aka GC which are special oils Made in Germany and are FAR SUPERIOR to the Castrol oils we get here (Ive confirmed the formulations differences with Castrol GMBH of Germany, its true). Sad, Europe gets the best fluids for the best cars while we get... Autozone lol","Reviewed in the United States on October 19, 2018",https://images-na.ssl-images-amazon.com/images/I/81DJ83DKbnL._SY88.jpg,B07PSVLF6G,https://api.scraperapi.com/?url=https%3A%2F%2Fwww.amazon.com%2Fproduct-reviews%2FB07PSVLF6G%2Fref%3Dcm_cr_arp_d_paging_btm_next_7%3FpageNumber%3D7%26filterByStar%3Dfive_star&api_key=b90c4dcc61e317892bb64c328c931de7&scraper_sdk=python
Motorcycle Oil,5.0 out of 5 stars,Alejandro Castillo,"After a few months of running it...
Works perfectly with a BMW K Bike. Engine runs cooler and quieter. There also has been a slight increase in performance since I've used it. Eventhough this is synthetic oil, there has been no clutch slippage.","Reviewed in the United States on January 26, 2023",,B07PSVLF6G,https://api.scraperapi.com/?url=https%3A%2F%2Fwww.amazon.com%2Fproduct-reviews%2FB07PSVLF6G%2Fref%3Dcm_cr_arp_d_paging_btm_next_7%3FpageNumber%3D7%26filterByStar%3Dfive_star&api_key=b90c4dcc61e317892bb64c328c931de7&scraper_sdk=python
Exactly what I needed.,5.0 out of 5 stars,120 Engineer,"*This IS the oil you need for a VW diesel.***
**Lower price than big box stores sells it for.**
***Arrived very quickly.***","Reviewed in the United States on March 5, 2023",,B07PSVLF6G,https://api.scraperapi.com/?url=https%3A%2F%2Fwww.amazon.com%2Fproduct-reviews%2FB07PSVLF6G%2Fref%3Dcm_cr_arp_d_paging_btm_next_7%3FpageNumber%3D7%26filterByStar%3Dfive_star&api_key=b90c4dcc61e317892bb64c328c931de7&scraper_sdk=python
"Best oil I've run, just don't buy here.",4.0 out of 5 stars,S. McEwen,"I've run this oil for over 15 years in various diesel engines, and have 0 complaints. One engine, a V8, had 200k miles on it and still looked brand new in the bottom end. Do yourself a favor and buy some! Do yourself another favor and don't pay Amazon's premium prices. You can find it for 1/2 the price elsewhere...","Reviewed in the United States on November 21, 2022",,B07PSVLF6G,https://api.scraperapi.com/?url=https%3A%2F%2Fwww.amazon.com%2Fproduct-reviews%2FB07PSVLF6G%2Fref%3Dcm_cr_arp_d_paging_btm_next_7%3FpageNumber%3D7%26filterByStar%3Dfour_star&api_key=b90c4dcc61e317892bb64c328c931de7&scraper_sdk=python
Use in winter only duramax 2500...,4.0 out of 5 stars,Clifton Collins,"Winter oil for 2500 duramax 2014
Run 10.000 miles. T6 only
No issues
15/40 summer oil hot mo the over
Price is about 50 $ diff on 2.5 gallon","Reviewed in the United States on September 1, 2022",,B07PSVLF6G,https://api.scraperapi.com/?url=https%3A%2F%2Fwww.amazon.com%2Fproduct-reviews%2FB07PSVLF6G%2Fref%3Dcm_cr_arp_d_paging_btm_next_7%3FpageNumber%3D7%26filterByStar%3Dfour_star&api_key=b90c4dcc61e317892bb64c328c931de7&scraper_sdk=python
